SIPSN - Sistem Informasi Pengelolaan Sampah Nasional,,,,
Tahun,Provinsi,Kabupaten/Kota,Timbulan Sampah Harian(ton),Timbulan Sampah Tahunan(ton)
2022,Aceh,Kab. Aceh Selatan,96.49,35217.68
2022,Aceh,Kab. Aceh Tenggara,91.32,33332.97
2022,Aceh,Kab. Aceh Timur,173.14,63195.95
2022,Aceh,Kab. Aceh Barat,101.43,37021.59
2022,Aceh,Kab. Pidie,177.80,64897.73
2022,Aceh,Kab. Simeulue,44.61,16280.89
2022,Aceh,Kab. Aceh Singkil,52.77,19261.34
2022,Aceh,Kab. Aceh Barat Daya,77.67,28348.09
2022,Aceh,Kab. Gayo Lues,41.06,14986.02
2022,Aceh,Kab. Aceh Jaya,47.21,17231.29
2022,Aceh,Kab. Nagan Raya,69.36,25315.38
2022,Aceh,Kab. Aceh Tamiang,120.72,44062.80
2022,Aceh,Kab. Bener Meriah,65.99,24084.74
2022,Aceh,Kab. Pidie Jaya,79.53,29029.44
2022,Aceh,Kota Banda Aceh,252.21,92055.88
2022,Aceh,Kota Sabang,17.28,6308.37
2022,Aceh,Kota Langsa,94.44,34470.24
2022,Aceh,Kota Subulussalam,37.07,13529.97
2022,Sumatera Utara,Kab. Tapanuli Tengah,184.65,67397.25
2022,Sumatera Utara,Kab. Nias,58.28,21272.35
2022,Sumatera Utara,Kab. Langkat,521.44,190323.78
2022,Sumatera Utara,Kab. Deli Serdang,1126.61,411211.01
2022,Sumatera Utara,Kab. Simalungun,510.81,186444.74
2022,Sumatera Utara,Kab. Asahan,472.78,172564.99
2022,Sumatera Utara,Kab. Toba,96.05,35059.00
2022,Sumatera Utara,Kab. Humbang Hasundutan,59.33,21653.73
2022,Sumatera Utara,Kota Medan,1722.60,628749.22
2022,Sumatera Utara,Kota Pematang Siantar,241.43,88121.44
2022,Sumatera Utara,Kota Tebing Tinggi,124.63,45488.20
2022,Sumatera Utara,Kota Padangsidimpuan,161.82,59065.98
2022,Sumatera Barat,Kab. Pesisir Selatan,152.89,55803.17
2022,Sumatera Barat,Kab. Solok,157.69,57558.60
2022,Sumatera Barat,Kab. Sijunjung,97.30,35513.89
2022,Sumatera Barat,Kab. Tanah Datar,128.92,47057.29
2022,Sumatera Barat,Kab. Padang Pariaman,218.06,79593.54
2022,Sumatera Barat,Kab. Agam,213.68,77993.64
2022,Sumatera Barat,Kab. Lima Puluh Kota,153.30,55954.79
2022,Sumatera Barat,Kab. Pasaman,121.24,44253.04
2022,Sumatera Barat,Kab. Dharmasraya,103.65,37831.10
2022,Sumatera Barat,Kab. Solok Selatan,73.94,26988.68
2022,Sumatera Barat,Kab. Pasaman Barat,175.00,63876.75
2022,Sumatera Barat,Kota Padang,643.76,234973.13
2022,Sumatera Barat,Kota Solok,54.27,19810.19
2022,Sumatera Barat,Kota Sawahlunto,18.86,6882.56
2022,Sumatera Barat,Kota Padang Panjang,48.95,17865.14
2022,Sumatera Barat,Kota Bukittinggi,125.23,45707.54
2022,Sumatera Barat,Kota Payakumbuh,100.30,36608.81
2022,Sumatera Barat,Kota Pariaman,38.26,13963.44
2022,Riau,Kab. Indragiri Hulu,181.30,66173.19
2022,Riau,Kab. Bengkalis,261.88,95585.50
2022,Riau,Kab. Rokan Hulu,363.33,132613.76
2022,Riau,Kab. Rokan Hilir,333.10,121580.59
2022,Riau,Kab. Siak,186.67,68135.72
2022,Riau,Kab. Kuantan Singingi,139.18,50800.55
2022,Riau,Kota Pekanbaru,976.72,356503.31
2022,Riau,Kota Dumai,165.92,60559.34
2022,Jambi,Kab. Merangin,202.13,73778.36
2022,Jambi,Kab. Sarolangun,117.44,42865.60
2022,Jambi,Kab. Bungo,158.51,57857.03
2022,Jambi,Kota Jambi,437.50,159688.01
2022,Jambi,Kota Sungai Penuh,50.12,18295.44
2022,Sumatera Selatan,Kab. Ogan Komering Ulu,152.21,55556.50
2022,Sumatera Selatan,Kab. Muara Enim,432.36,157811.87
2022,Sumatera Selatan,Kab. Lahat,269.61,98406.85
2022,Sumatera Selatan,Kab. Musi Rawas,255.50,93259.27
2022,Sumatera Selatan,Kab. Musi Banyuasin,257.93,94145.47
2022,Sumatera Selatan,Kab. Banyuasin,578.73,211235.90
2022,Sumatera Selatan,Kab. Ogan Komering Ulu Timur,282.14,102981.68
2022,Sumatera Selatan,Kab. Penukal Abab Lematang Ilir,102.24,37316.32
2022,Sumatera Selatan,Kota Palembang,1204.97,439815.66
2022,Sumatera Selatan,Kota Prabumulih,98.41,35918.19
2022,Bengkulu,Kab. Bengkulu Utara,189.61,69207.72
2022,Bengkulu,Kab. Seluma,105.25,38417.16
2022,Bengkulu,Kab. Lebong,80.57,29409.84
2022,Lampung,Kab. Lampung Tengah,443.22,161774.75
2022,Lampung,Kab. Tanggamus,365.62,133452.35
2022,Lampung,Kab. Way Kanan,192.02,70086.13
2022,Lampung,Kab. Pringsewu,162.73,59396.16
2022,Lampung,Kab. Tulang Bawang Barat,114.49,41787.68
2022,Lampung,Kota Bandar Lampung,786.46,287057.55
2022,Lampung,Kota Metro,104.45,38125.71
2022,Kepulauan Bangka Belitung,Kab. Bangka,133.74,48814.22
2022,Kepulauan Bangka Belitung,Kab. Belitung,73.60,26864.58
2022,Kepulauan Bangka Belitung,Kab. Bangka Tengah,82.36,30061.11
2022,Kepulauan Bangka Belitung,Kab. Belitung Timur,50.92,18585.22
2022,Kepulauan Riau,Kab. Bintan,55.92,20409.89
2022,Kepulauan Riau,Kab. Karimun,186.32,68008.22
2022,Kepulauan Riau,Kab. Natuna,34.18,12475.12
2022,Kepulauan Riau,Kab. Lingga,28.43,10376.55
2022,Kepulauan Riau,Kab. Kepulauan Anambas,13.20,4818.00
2022,Kepulauan Riau,Kota Batam,1132.77,413461.60
2022,Kepulauan Riau,Kota Tanjung Pinang,155.91,56905.36
2022,DKI Jakarta,Kab. Adm. Kep. Seribu,17.89,6531.08
2022,DKI Jakarta,Kota Adm. Jakarta Pusat,850.05,310268.53
2022,DKI Jakarta,Kota Adm. Jakarta Utara,1368.44,499480.75
2022,DKI Jakarta,Kota Adm. Jakarta Barat,2023.42,738547.77
2022,DKI Jakarta,Kota Adm. Jakarta Selatan,1954.25,713300.85
2022,DKI Jakarta,Kota Adm. Jakarta Timur,2313.02,844252.43
2022,Jawa Barat,Kab. Bandung,1283.16,468351.94
2022,Jawa Barat,Kab. Garut,1112.25,405969.55
2022,Jawa Barat,Kab. Ciamis,574.68,209758.49
2022,Jawa Barat,Kab. Kuningan,599.40,218782.10
2022,Jawa Barat,Kab. Sumedang,442.72,161592.02
2022,Jawa Barat,Kab. Indramayu,1113.65,406481.07
2022,Jawa Barat,Kab. Karawang,1003.94,366436.49
2022,Jawa Barat,Kab. Bekasi,2250.35,821379.10
2022,Jawa Barat,Kota Bogor,744.46,271727.57
2022,Jawa Barat,Kota Sukabumi,180.35,65828.41
2022,Jawa Barat,Kota Bandung,1594.18,581876.52
2022,Jawa Barat,Kota Bekasi,1830.63,668179.00
2022,Jawa Barat,Kota Cimahi,275.46,100542.32
2022,Jawa Barat,Kota Tasikmalaya,319.11,116475.95
2022,Jawa Barat,Kota Banjar,85.67,31267.80
2022,Jawa Tengah,Kab. Cilacap,950.84,347055.78
2022,Jawa Tengah,Kab. Banyumas,536.89,195964.49
2022,Jawa Tengah,Kab. Purbalingga,509.92,186120.80
2022,Jawa Tengah,Kab. Kebumen,463.05,169013.40
2022,Jawa Tengah,Kab. Purworejo,289.57,105694.22
2022,Jawa Tengah,Kab. Wonosobo,366.25,133682.56
2022,Jawa Tengah,Kab. Boyolali,292.55,106781.29
2022,Jawa Tengah,Kab. Klaten,643.02,234703.44
2022,Jawa Tengah,Kab. Sukoharjo,361.92,132101.09
2022,Jawa Tengah,Kab. Wonogiri,347.72,126917.85
2022,Jawa Tengah,Kab. Karanganyar,375.52,137065.97
2022,Jawa Tengah,Kab. Sragen,590.18,215417.38
2022,Jawa Tengah,Kab. Grobogan,849.37,310021.75
2022,Jawa Tengah,Kab. Blora,383.05,139811.75
2022,Jawa Tengah,Kab. Rembang,252.13,92026.00
2022,Jawa Tengah,Kab. Kudus,448.16,163578.95
2022,Jawa Tengah,Kab. Jepara,412.37,150516.42
2022,Jawa Tengah,Kab. Demak,722.37,263666.36
2022,Jawa Tengah,Kab. Semarang,529.92,193421.53
2022,Jawa Tengah,Kab. Temanggung,400.14,146050.37
2022,Jawa Tengah,Kab. Kendal,410.01,149652.92
2022,Jawa Tengah,Kab. Batang,567.28,207055.41
2022,Jawa Tengah,Kab. Pekalongan,390.60,142569.58
2022,Jawa Tengah,Kab. Pemalang,593.68,216694.51
2022,Jawa Tengah,Kab. Tegal,839.63,306466.23
2022,Jawa Tengah,Kab. Brebes,1005.31,366937.60
2022,Jawa Tengah,Kota Magelang,80.51,29384.62
2022,Jawa Tengah,Kota Surakarta,376.29,137345.45
2022,Jawa Tengah,Kota Salatiga,114.16,41668.28
2022,Jawa Tengah,Kota Semarang,1181.06,431085.22
2022,Jawa Tengah,Kota Tegal,217.44,79365.97
2022,D.I. Yogyakarta,Kab. Kulon Progo,177.34,64730.71
2022,D.I. Yogyakarta,Kab. Gunungkidul,377.73,137871.89
2022,D.I. Yogyakarta,Kota Yogyakarta,303.13,110642.60
2022,Jawa Timur,Kab. Pacitan,287.67,104999.96
2022,Jawa Timur,Kab. Ponorogo,382.34,139552.64
2022,Jawa Timur,Kab. Trenggalek,305.48,111498.74
2022,Jawa Timur,Kab. Tulungagung,553.83,202148.86
2022,Jawa Timur,Kab. Kediri,657.76,240082.40
2022,Jawa Timur,Kab. Malang,960.59,350614.09
2022,Jawa Timur,Kab. Lumajang,524.51,191446.12
2022,Jawa Timur,Kab. Jember,1014.69,370362.43
2022,Jawa Timur,Kab. Banyuwangi,813.91,297078.45
2022,Jawa Timur,Kab. Situbondo,257.24,93891.73
2022,Jawa Timur,Kab. Mojokerto,461.16,168322.61
2022,Jawa Timur,Kab. Jombang,530.37,193583.44
2022,Jawa Timur,Kab. Nganjuk,444.13,162107.74
2022,Jawa Timur,Kab. Magetan,275.75,100647.87
2022,Jawa Timur,Kab. Ngawi,358.07,130696.23
2022,Jawa Timur,Kab. Bojonegoro,376.09,137271.36
2022,Jawa Timur,Kab. Tuban,505.31,184439.37
2022,Jawa Timur,Kab. Gresik,391.33,142835.43
2022,Jawa Timur,Kab. Sampang,464.41,169511.29
2022,Jawa Timur,Kab. Pamekasan,277.10,101140.55
2022,Jawa Timur,Kab. Sumenep,362.19,132197.86
2022,Jawa Timur,Kota Kediri,178.59,65183.70
2022,Jawa Timur,Kota Blitar,75.98,27732.70
2022,Jawa Timur,Kota Malang,764.79,279148.37
2022,Jawa Timur,Kota Probolinggo,97.16,35465.15
2022,Jawa Timur,Kota Pasuruan,146.02,53297.25
2022,Jawa Timur,Kota Mojokerto,66.91,24420.33
2022,Jawa Timur,Kota Madiun,121.15,44219.80
2022,Jawa Timur,Kota Surabaya,1783.68,651043.42
2022,Jawa Timur,Kota Batu,135.23,49359.46
2022,Banten,Kab. Lebak,591.47,215885.24
2022,Banten,Kab. Tangerang,2305.47,841497.68
2022,Banten,Kab. Serang,1135.84,414581.97
2022,Banten,Kota Tangerang,1381.53,504258.12
2022,Banten,Kota Cilegon,227.86,83169.08
2022,Banten,Kota Serang,584.83,213464.02
2022,Banten,Kota Tangerang Selatan,972.63,355009.43
2022,Bali,Kab. Jembrana,162.94,59472.92
2022,Bali,Kab. Badung,327.33,119474.58
2022,Bali,Kab. Gianyar,538.90,196698.50
2022,Bali,Kab. Klungkung,103.13,37643.55
2022,Bali,Kab. Bangli,111.88,40836.05
2022,Bali,Kab. Karangasem,311.54,113711.83
2022,Bali,Kab. Buleleng,392.56,143283.67
2022,Bali,Kota Denpasar,866.61,316312.65
2022,Nusa Tenggara Barat,Kab. Lombok Barat,288.59,105336.08
2022,Nusa Tenggara Barat,Kab. Lombok Tengah,419.90,153263.50
2022,Nusa Tenggara Barat,Kab. Lombok Timur,537.56,196209.55
2022,Nusa Tenggara Barat,Kab. Sumbawa,259.78,94820.43
2022,Nusa Tenggara Barat,Kab. Bima,276.99,101102.08
2022,Nusa Tenggara Barat,Kab. Lombok Utara,102.59,37446.08
2022,Nusa Tenggara Barat,Kota Mataram,264.21,96436.87
2022,Nusa Tenggara Barat,Kota Bima,82.71,30189.37
2022,Nusa Tenggara Timur,Kab. Manggarai Barat,84.86,30972.44
2022,Nusa Tenggara Timur,Kota Kupang,227.93,83192.63
2022,Kalimantan Barat,Kab. Sambas,318.12,116112.00
2022,Kalimantan Barat,Kab. Mempawah,84.03,30669.65
2022,Kalimantan Barat,Kab. Sanggau,246.14,89841.83
2022,Kalimantan Barat,Kab. Kapuas Hulu,133.33,48663.81
2022,Kalimantan Barat,Kota Pontianak,401.54,146560.71
2022,Kalimantan Barat,Kota Singkawang,93.97,34297.93
2022,Kalimantan Tengah,Kab. Kapuas,211.61,77235.83
2022,Kalimantan Tengah,Kab. Barito Selatan,66.96,24439.67
2022,Kalimantan Tengah,Kab. Barito Utara,61.93,22603.87
2022,Kalimantan Tengah,Kab. Seruyan,82.19,29999.35
2022,Kalimantan Tengah,Kab. Gunung Mas,101.53,37058.36
2022,Kalimantan Tengah,Kab. Pulang Pisau,68.34,24945.74
2022,Kalimantan Tengah,Kab. Murung Raya,55.73,20339.81
2022,Kalimantan Tengah,Kab. Barito Timur,46.02,16798.32
2022,Kalimantan Tengah,Kota Palangkaraya,151.91,55448.06
2022,Kalimantan Selatan,Kab. Tanah Laut,141.94,51807.37
2022,Kalimantan Selatan,Kab. Kotabaru,181.22,66143.51
2022,Kalimantan Selatan,Kab. Banjar,408.49,149097.33
2022,Kalimantan Selatan,Kab. Barito Kuala,96.38,35179.83
2022,Kalimantan Selatan,Kab. Tapin,82.10,29966.79
2022,Kalimantan Selatan,Kab. Hulu Sungai Selatan,96.79,35330.10
2022,Kalimantan Selatan,Kab. Hulu Sungai Tengah,104.30,38070.08
2022,Kalimantan Selatan,Kab. Tabalong,102.76,37507.84
2022,Kalimantan Selatan,Kab. Tanah Bumbu,166.42,60743.48
2022,Kalimantan Selatan,Kab. Balangan,56.37,20576.25
2022,Kalimantan Selatan,Kota Banjarbaru,183.78,67079.71
2022,Kalimantan Timur,Kab. Paser,118.63,43300.97
2022,Kalimantan Timur,Kab. Kutai Kartanegara,313.77,114524.75
2022,Kalimantan Timur,Kab. Berau,136.44,49801.88
2022,Kalimantan Timur,Kab. Kutai Barat,70.24,25639.06
2022,Kalimantan Timur,Kab. Kutai Timur,212.81,77674.37
2022,Kalimantan Timur,Kab. Penajam Paser Utara,95.98,35033.98
2022,Kalimantan Timur,Kab. Mahakam Ulu,15.30,5584.64
2022,Kalimantan Timur,Kota Balikpapan,514.73,187875.03
2022,Kalimantan Timur,Kota Samarinda,587.25,214347.89
2022,Kalimantan Timur,Kota Bontang,104.24,38046.40
2022,Kalimantan Utara,Kab. Nunukan,42.68,15576.81
2022,Kalimantan Utara,Kab. Tana Tidung,14.19,5177.89
2022,Sulawesi Utara,Kab. Bolaang Mongondow,125.24,45712.24
2022,Sulawesi Utara,Kab. Minahasa,174.34,63632.82
2022,Sulawesi Utara,Kab. Kepulauan Sangihe,55.87,20393.86
2022,Sulawesi Utara,Kab. Minahasa Selatan,94.59,34523.60
2022,Sulawesi Utara,Kab. Minahasa Utara,118.12,43114.17
2022,Sulawesi Utara,Kab. Minahasa Tenggara,46.14,16840.95
2022,Sulawesi Utara,Kab. Bolaang Mongondow Utara,34.66,12651.86
2022,Sulawesi Utara,Kab. Kep. Siau Tagulandang Biaro,29.52,10776.55
2022,Sulawesi Utara,Kab. Bolaang Mongondow Timur,36.92,13476.24
2022,Sulawesi Utara,Kab. Bolaang Mongondow Selatan,28.91,10553.46
2022,Sulawesi Utara,Kota Manado,291.07,106241.06
2022,Sulawesi Utara,Kota Bitung,159.06,58055.22
2022,Sulawesi Utara,Kota Tomohon,50.71,18510.43
2022,Sulawesi Utara,Kota Kotamobagu,86.20,31463.80
2022,Sulawesi Tengah,Kab. Banggai,188.40,68767.46
2022,Sulawesi Tengah,Kab. Donggala,121.19,44232.89
2022,Sulawesi Tengah,Kab. Morowali,83.96,30643.58
2022,Sulawesi Tengah,Kab. Parigi Moutong,226.25,82582.53
2022,Sulawesi Tengah,Kab. Sigi,128.79,47008.35
2022,Sulawesi Tengah,Kab. Banggai Laut,37.12,13549.90
2022,Sulawesi Tengah,Kab. Morowali Utara,61.12,22308.80
2022,Sulawesi Tengah,Kota Palu,202.94,74073.65
2022,Sulawesi Selatan,Kab. Kepulauan Selayar,55.19,20144.20
2022,Sulawesi Selatan,Kab. Bulukumba,178.92,65304.63
2022,Sulawesi Selatan,Kab. Bantaeng,80.99,29562.37
2022,Sulawesi Selatan,Kab. Jeneponto,162.20,59204.17
2022,Sulawesi Selatan,Kab. Sinjai,107.73,39319.84
2022,Sulawesi Selatan,Kab. Bone,405.80,148115.18
2022,Sulawesi Selatan,Kab. Maros,161.51,58951.00
2022,Sulawesi Selatan,Kab. Pangkajene Kepulauan,141.18,51530.55
2022,Sulawesi Selatan,Kab. Soppeng,94.23,34393.80
2022,Sulawesi Selatan,Kab. Wajo,151.86,55428.46
2022,Sulawesi Selatan,Kab. Sidenreng Rappang,129.28,47186.32
2022,Sulawesi Selatan,Kab. Pinrang,180.44,65861.77
2022,Sulawesi Selatan,Kab. Enrekang,114.36,41740.67
2022,Sulawesi Selatan,Kab. Barru,0.00,0.00
2022,Sulawesi Selatan,Kab. Luwu Timur,120.20,43874.61
2022,Sulawesi Selatan,Kab. Toraja Utara,158.49,57847.76
2022,Sulawesi Selatan,Kota Parepare,77.78,28388.97
2022,Sulawesi Selatan,Kota Palopo,93.67,34187.91
2022,Sulawesi Tenggara,Kab. Kolaka,120.61,44021.60
2022,Sulawesi Tenggara,Kab. Wakatobi,80.70,29455.57
2022,Sulawesi Tenggara,Kab. Kolaka Utara,55.73,20340.57
2022,Sulawesi Tenggara,Kab. Buton Selatan,21.99,8026.71
2022,Sulawesi Tenggara,Kota Kendari,269.80,98476.88
2022,Sulawesi Tenggara,Kota Bau Bau,81.98,29923.25
2022,Gorontalo,Kab. Gorontalo,158.25,57762.71
2022,Gorontalo,Kab. Bone Bolango,49.86,18198.90
2022,Gorontalo,Kab. Pohuwato,59.08,21562.59
2022,Gorontalo,Kota Gorontalo,141.50,51646.51
2022,Sulawesi Barat,Kab. Mamuju,140.93,51438.36
2022,Sulawesi Barat,Kab. Majene,70.96,25898.94
2022,Sulawesi Barat,Kab. Mamuju Tengah,54.95,20057.48
2022,Maluku,Kab. Maluku Tengah,169.89,62010.58
2022,Maluku,Kab. Buru Selatan,31.11,11355.30
2022,Maluku Utara,Kab. Halmahera Utara,138.35,50497.02
2022,Maluku Utara,Kota Tidore Kepulauan,46.31,16904.46
2022,Papua,Kab. Jayapura,85.92,31360.25
2022,Papua,Kab. Kepulauan Yapen,45.97,16779.78
2022,Papua,Kab. Biak Numfor,58.72,21434.55
2022,Papua,Kab. Sarmi,16.74,6109.95
2022,Papua,Kab. Waropen,14.48,5285.20
2022,Papua,Kota Jayapura,217.89,79528.32
2022,Papua Barat,Kab. Manokwari,163.36,59627.83
2022,Papua Barat,Kab. Teluk Wondama,18.35,6697.17
2022,Papua Barat,Kab. Kaimana,25.45,9290.42
2022,Papua Selatan,Kab. Merauke,92.94,33924.12
2022,Papua Selatan,Kab. Boven Digoel,26.08,9518.18
2022,Papua Selatan,Kab. Asmat,45.55,16624.29
2022,Papua Tengah,Kab. Mimika,158.20,57742.09
2022,Papua Barat Daya,Kab. Sorong,49.76,18162.69
2021,Aceh,Kab. Aceh Selatan,94.59,34527.10
2021,Aceh,Kab. Gayo Lues,40.43,14757.24
2021,Aceh,Kota Banda Aceh,248.67,90765.86
2021,Aceh,Kota Sabang,16.83,6141.64
2021,Aceh,Kota Langsa,92.83,33883.32
2021,Aceh,Kota Subulussalam,45.29,16529.21
2021,Sumatera Utara,Kab. Tapanuli Tengah,182.59,66644.80
2021,Sumatera Utara,Kab. Tapanuli Utara,128.22,46799.13
2021,Sumatera Utara,Kab. Langkat,519.69,189685.76
2021,Sumatera Utara,Kab. Karo,226.80,82781.59
2021,Sumatera Utara,Kab. Deli Serdang,1118.16,408129.86
2021,Sumatera Utara,Kab. Simalungun,519.06,189456.90
2021,Sumatera Utara,Kab. Asahan,466.58,170300.09
2021,Sumatera Utara,Kab. Toba,85.40,31170.85
2021,Sumatera Utara,Kota Medan,1767.16,645012.56
2021,Sumatera Utara,Kota Pematang Siantar,233.02,85052.00
2021,Sumatera Utara,Kota Tebing Tinggi,123.50,45077.61
2021,Sumatera Barat,Kab. Pesisir Selatan,151.33,55233.77
2021,Sumatera Barat,Kab. Tanah Datar,128.24,46806.83
2021,Sumatera Barat,Kab. Agam,214.83,78412.95
2021,Sumatera Barat,Kab. Lima Puluh Kota,154.23,56295.41
2021,Sumatera Barat,Kab. Pasaman,121.24,44253.04
2021,Sumatera Barat,Kab. Dharmasraya,102.50,37411.62
2021,Sumatera Barat,Kab. Solok Selatan,73.94,26988.10
2021,Sumatera Barat,Kota Padang,639.41,233385.96
2021,Sumatera Barat,Kota Solok,53.87,19663.02
2021,Sumatera Barat,Kota Sawahlunto,18.75,6843.52
2021,Sumatera Barat,Kota Padang Panjang,48.00,17519.42
2021,Sumatera Barat,Kota Payakumbuh,98.80,36063.06
2021,Riau,Kab. Indragiri Hilir,460.62,168125.39
2021,Riau,Kab. Siak,191.07,69739.82
2021,Riau,Kota Pekanbaru,967.49,353133.89
2021,Riau,Kota Dumai,161.73,59029.99
2021,Jambi,Kab. Merangin,198.75,72545.03
2021,Jambi,Kab. Bungo,155.40,56722.46
2021,Jambi,Kota Jambi,433.17,158106.98
2021,Sumatera Selatan,Kab. Muara Enim,406.74,148459.04
2021,Sumatera Selatan,Kab. Lahat,307.84,112361.75
2021,Sumatera Selatan,Kab. Musi Banyuasin,248.88,90842.08
2021,Sumatera Selatan,Kab. Ogan Komering Ulu Timur,280.08,102228.32
2021,Sumatera Selatan,Kota Palembang,1180.25,430791.65
2021,Sumatera Selatan,Kota Prabumulih,97.06,35426.54
2021,Bengkulu,Kab. Seluma,106.76,38966.12
2021,Lampung,Kab. Lampung Tengah,473.17,172707.86
2021,Lampung,Kab. Tanggamus,245.98,89783.28
2021,Lampung,Kab. Way Kanan,191.88,70036.49
2021,Lampung,Kab. Pringsewu,162.73,59396.16
2021,Lampung,Kota Bandar Lampung,770.22,281129.15
2021,Lampung,Kota Metro,103.87,37912.84
2021,Kepulauan Bangka Belitung,Kab. Bangka,130.51,47634.69
2021,Kepulauan Bangka Belitung,Kab. Belitung,72.69,26533.31
2021,Kepulauan Bangka Belitung,Kab. Bangka Selatan,80.13,29247.45
2021,Kepulauan Bangka Belitung,Kab. Bangka Tengah,81.17,29627.05
2021,Kepulauan Bangka Belitung,Kota Pangkal Pinang,160.00,58399.38
2021,Kepulauan Riau,Kab. Bintan,55.69,20326.42
2021,Kepulauan Riau,Kab. Karimun,181.62,66289.99
2021,Kepulauan Riau,Kota Tanjung Pinang,151.69,55366.32
2021,DKI Jakarta,Kab. Adm. Kep. Seribu,17.62,6429.48
2021,DKI Jakarta,Kota Adm. Jakarta Pusat,847.39,309298.18
2021,DKI Jakarta,Kota Adm. Jakarta Utara,1354.67,494454.86
2021,DKI Jakarta,Kota Adm. Jakarta Barat,1997.51,729092.61
2021,DKI Jakarta,Kota Adm. Jakarta Selatan,1937.54,707201.35
2021,DKI Jakarta,Kota Adm. Jakarta Timur,2293.04,836961.37
2021,Jawa Barat,Kab. Bandung,1268.33,462939.17
2021,Jawa Barat,Kab. Garut,1120.06,408821.79
2021,Jawa Barat,Kab. Ciamis,572.10,208818.25
2021,Jawa Barat,Kab. Cirebon,1237.12,451549.60
2021,Jawa Barat,Kab. Sumedang,442.36,161462.89
2021,Jawa Barat,Kab. Indramayu,1102.62,402455.25
2021,Jawa Barat,Kota Bogor,673.76,245922.33
2021,Jawa Barat,Kota Sukabumi,180.26,65795.65
2021,Jawa Barat,Kota Bandung,1592.55,581280.03
2021,Jawa Barat,Kota Cirebon,204.47,74631.55
2021,Jawa Barat,Kota Bekasi,2375.99,867236.75
2021,Jawa Barat,Kota Depok,1314.14,479660.75
2021,Jawa Barat,Kota Cimahi,274.77,100289.42
2021,Jawa Tengah,Kab. Cilacap,943.59,344409.04
2021,Jawa Tengah,Kab. Banyumas,535.23,195357.75
2021,Jawa Tengah,Kab. Purbalingga,505.71,184585.06
2021,Jawa Tengah,Kab. Purworejo,288.82,105420.18
2021,Jawa Tengah,Kab. Wonosobo,363.00,132496.46
2021,Jawa Tengah,Kab. Magelang,681.65,248800.43
2021,Jawa Tengah,Kab. Boyolali,290.85,106159.34
2021,Jawa Tengah,Kab. Klaten,590.30,215458.83
2021,Jawa Tengah,Kab. Sukoharjo,359.45,131200.56
2021,Jawa Tengah,Kab. Wonogiri,439.37,160369.61
2021,Jawa Tengah,Kab. Karanganyar,361.84,132071.89
2021,Jawa Tengah,Kab. Sragen,586.17,213952.27
2021,Jawa Tengah,Kab. Blora,226.85,82801.58
2021,Jawa Tengah,Kab. Rembang,245.66,89666.36
2021,Jawa Tengah,Kab. Pati,662.09,241664.31
2021,Jawa Tengah,Kab. Jepara,400.08,146028.40
2021,Jawa Tengah,Kab. Demak,722.37,263666.36
2021,Jawa Tengah,Kab. Semarang,526.55,192189.00
2021,Jawa Tengah,Kab. Temanggung,500.17,182562.96
2021,Jawa Tengah,Kab. Batang,324.16,118317.38
2021,Jawa Tengah,Kab. Pekalongan,387.53,141447.87
2021,Jawa Tengah,Kab. Pemalang,588.60,214837.39
2021,Jawa Tengah,Kab. Tegal,670.74,244819.49
2021,Jawa Tengah,Kab. Brebes,983.19,358865.26
2021,Jawa Tengah,Kota Magelang,80.68,29447.93
2021,Jawa Tengah,Kota Salatiga,112.24,40969.24
2021,Jawa Tengah,Kota Semarang,1180.14,430749.75
2021,Jawa Tengah,Kota Tegal,201.57,73573.52
2021,D.I. Yogyakarta,Kab. Kulon Progo,177.14,64654.35
2021,D.I. Yogyakarta,Kab. Sleman,735.57,268481.59
2021,D.I. Yogyakarta,Kota Yogyakarta,327.40,119501.69
2021,Jawa Timur,Kab. Pacitan,286.73,104654.83
2021,Jawa Timur,Kab. Ponorogo,387.78,141540.58
2021,Jawa Timur,Kab. Trenggalek,293.96,107293.65
2021,Jawa Timur,Kab. Tulungagung,548.30,200127.68
2021,Jawa Timur,Kab. Blitar,409.93,149623.83
2021,Jawa Timur,Kab. Kediri,533.82,194845.76
2021,Jawa Timur,Kab. Lumajang,501.50,183048.96
2021,Jawa Timur,Kab. Banyuwangi,1252.87,457297.22
2021,Jawa Timur,Kab. Situbondo,257.17,93865.59
2021,Jawa Timur,Kab. Jombang,530.37,193583.44
2021,Jawa Timur,Kab. Nganjuk,443.87,162013.72
2021,Jawa Timur,Kab. Magetan,268.32,97938.55
2021,Jawa Timur,Kab. Ngawi,356.72,130204.03
2021,Jawa Timur,Kab. Bojonegoro,536.50,195823.81
2021,Jawa Timur,Kab. Tuban,503.17,183655.24
2021,Jawa Timur,Kab. Lamongan,221.94,81008.10
2021,Jawa Timur,Kab. Pamekasan,276.60,100957.25
2021,Jawa Timur,Kab. Sumenep,367.44,134116.61
2021,Jawa Timur,Kota Kediri,169.35,61812.13
2021,Jawa Timur,Kota Blitar,75.19,27442.53
2021,Jawa Timur,Kota Malang,677.78,247388.97
2021,Jawa Timur,Kota Probolinggo,96.57,35247.76
2021,Jawa Timur,Kota Pasuruan,135.20,49349.42
2021,Jawa Timur,Kota Madiun,119.71,43695.25
2021,Jawa Timur,Kota Surabaya,1782.51,650614.62
2021,Jawa Timur,Kota Batu,114.42,41762.47
2021,Banten,Kab. Serang,1163.84,424801.97
2021,Banten,Kota Cilegon,217.45,79368.52
2021,Banten,Kota Tangerang Selatan,799.07,291659.27
2021,Bali,Kab. Jembrana,162.73,59395.72
2021,Bali,Kab. Tabanan,230.82,84247.48
2021,Bali,Kab. Badung,319.81,116731.24
2021,Bali,Kab. Gianyar,387.23,141337.13
2021,Bali,Kab. Bangli,110.90,40479.96
2021,Bali,Kab. Buleleng,339.10,123771.50
2021,Bali,Kota Denpasar,957.59,349519.44
2021,Nusa Tenggara Barat,Kab. Lombok Timur,483.44,176454.72
2021,Nusa Tenggara Barat,Kab. Sumbawa,259.46,94704.18
2021,Nusa Tenggara Barat,Kota Mataram,263.98,96354.09
2021,Nusa Tenggara Timur,Kab. Alor,116.53,42533.30
2021,Nusa Tenggara Timur,Kab. Manggarai Barat,82.18,29995.84
2021,Nusa Tenggara Timur,Kota Kupang,221.38,80803.34
2021,Kalimantan Barat,Kab. Sambas,277.38,101244.25
2021,Kalimantan Barat,Kab. Mempawah,82.24,30015.96
2021,Kalimantan Barat,Kab. Sanggau,242.41,88479.29
2021,Kalimantan Barat,Kab. Melawi,83.63,30524.07
2021,Kalimantan Barat,Kota Pontianak,396.30,144651.25
2021,Kalimantan Barat,Kota Singkawang,117.53,42899.18
2021,Kalimantan Tengah,Kab. Kapuas,205.20,74898.00
2021,Kalimantan Tengah,Kab. Barito Utara,63.37,23129.61
2021,Kalimantan Tengah,Kab. Seruyan,81.46,29731.08
2021,Kalimantan Tengah,Kab. Gunung Mas,101.55,37065.75
2021,Kalimantan Tengah,Kab. Pulang Pisau,67.67,24698.82
2021,Kalimantan Tengah,Kab. Barito Timur,46.51,16977.76
2021,Kalimantan Tengah,Kota Palangkaraya,147.92,53990.25
2021,Kalimantan Selatan,Kab. Tanah Laut,141.74,51733.64
2021,Kalimantan Selatan,Kab. Kotabaru,130.25,47540.81
2021,Kalimantan Selatan,Kab. Banjar,407.66,148795.80
2021,Kalimantan Selatan,Kab. Barito Kuala,94.96,34660.04
2021,Kalimantan Selatan,Kab. Tapin,80.49,29379.14
2021,Kalimantan Selatan,Kab. Hulu Sungai Selatan,96.01,35042.92
2021,Kalimantan Selatan,Kab. Hulu Sungai Tengah,103.49,37773.27
2021,Kalimantan Selatan,Kab. Hulu Sungai Utara,96.66,35280.75
2021,Kalimantan Selatan,Kab. Tabalong,101.32,36982.53
2021,Kalimantan Selatan,Kab. Tanah Bumbu,164.35,59986.29
2021,Kalimantan Selatan,Kab. Balangan,56.00,20440.98
2021,Kalimantan Selatan,Kota Banjarmasin,506.45,184856.04
2021,Kalimantan Selatan,Kota Banjarbaru,164.71,60120.18
2021,Kalimantan Timur,Kab. Paser,115.29,42080.85
2021,Kalimantan Timur,Kab. Kutai Kartanegara,222.59,81243.53
2021,Kalimantan Timur,Kab. Kutai Timur,212.22,77461.58
2021,Kalimantan Timur,Kab. Penajam Paser Utara,92.51,33766.52
2021,Kalimantan Timur,Kota Balikpapan,497.21,181479.86
2021,Kalimantan Timur,Kota Samarinda,581.85,212376.71
2021,Kalimantan Timur,Kota Bontang,103.82,37894.33
2021,Kalimantan Utara,Kab. Nunukan,41.81,15260.25
2021,Kalimantan Utara,Kab. Tana Tidung,13.24,4832.89
2021,Sulawesi Utara,Kab. Kepulauan Sangihe,55.70,20332.25
2021,Sulawesi Utara,Kab. Minahasa Selatan,94.59,34523.60
2021,Sulawesi Utara,Kab. Minahasa Tenggara,45.37,16559.47
2021,Sulawesi Utara,Kab. Bolaang Mongondow Utara,41.56,15167.94
2021,Sulawesi Utara,Kab. Bolaang Mongondow Selatan,34.90,12736.86
2021,Sulawesi Utara,Kota Manado,339.89,124059.81
2021,Sulawesi Utara,Kota Bitung,158.56,57874.58
2021,Sulawesi Utara,Kota Tomohon,71.61,26136.88
2021,Sulawesi Utara,Kota Kotamobagu,86.63,31620.68
2021,Sulawesi Tengah,Kab. Donggala,121.64,44400.06
2021,Sulawesi Tengah,Kab. Parigi Moutong,225.59,82341.99
2021,Sulawesi Tengah,Kab. Sigi,128.79,47008.35
2021,Sulawesi Tengah,Kab. Banggai Laut,35.44,12933.78
2021,Sulawesi Tengah,Kota Palu,186.93,68228.90
2021,Sulawesi Selatan,Kab. Kepulauan Selayar,56.13,20488.47
2021,Sulawesi Selatan,Kab. Bulukumba,173.94,63488.39
2021,Sulawesi Selatan,Kab. Bantaeng,80.68,29446.45
2021,Sulawesi Selatan,Kab. Jeneponto,160.64,58635.06
2021,Sulawesi Selatan,Kab. Sinjai,108.31,39534.76
2021,Sulawesi Selatan,Kab. Bone,403.38,147231.88
2021,Sulawesi Selatan,Kab. Maros,158.77,57950.90
2021,Sulawesi Selatan,Kab. Pangkajene Kepulauan,138.31,50483.15
2021,Sulawesi Selatan,Kab. Barru,75.95,27722.04
2021,Sulawesi Selatan,Kab. Soppeng,95.09,34707.12
2021,Sulawesi Selatan,Kab. Wajo,151.64,55348.60
2021,Sulawesi Selatan,Kab. Sidenreng Rappang,128.00,46718.54
2021,Sulawesi Selatan,Kab. Pinrang,176.90,64570.25
2021,Sulawesi Selatan,Kab. Enrekang,113.96,41596.68
2021,Sulawesi Selatan,Kab. Luwu Timur,120.20,43874.61
2021,Sulawesi Selatan,Kota Makassar,1023.71,373653.93
2021,Sulawesi Selatan,Kota Parepare,76.25,27832.35
2021,Sulawesi Selatan,Kota Palopo,92.34,33704.28
2021,Sulawesi Tenggara,Kab. Wakatobi,79.19,28902.67
2021,Sulawesi Tenggara,Kota Kendari,264.50,96542.67
2021,Gorontalo,Kota Gorontalo,141.21,51541.50
2021,Sulawesi Barat,Kab. Mamuju,125.44,45786.99
2021,Sulawesi Barat,Kab. Majene,69.76,25463.42
2021,Sulawesi Barat,Kab. Mamuju Tengah,62.64,22864.48
2021,Maluku,Kab. Maluku Tengah,170.32,62165.92
2021,Maluku,Kab. Buru Selatan,30.95,11296.60
2021,Maluku,Kota Tual,53.73,19611.92
2021,Maluku Utara,Kota Tidore Kepulauan,46.12,16834.53
2021,Papua,Kab. Jayapura,84.24,30746.87
2021,Papua,Kab. Biak Numfor,58.42,21323.59
2021,Papua,Kab. Keerom,24.65,8996.96
2021,Papua,Kota Jayapura,217.80,79496.56
2021,Papua Barat,Kab. Manokwari,160.02,58405.66
2021,Papua Selatan,Kab. Asmat,44.65,16298.27
2021,Papua Tengah,Kab. Nabire,67.65,24693.86
2021,Papua Pegunungan,Kab. Lanny Jaya,80.78,29483.24
2021,Papua Barat Daya,Kab. Sorong Selatan,22.38,8167.39
2021,Papua Barat Daya,Kab. Tambrauw,11.35,4143.33
2020,Aceh,Kab. Aceh Timur,57.60,21023.49
2020,Aceh,Kab. Aceh Tengah,101.55,37067.15
2020,Aceh,Kab. Simeulue,43.55,15897.10
2020,Aceh,Kab. Aceh Jaya,46.24,16876.51
2020,Aceh,Kab. Bener Meriah,64.65,23597.54
2020,Aceh,Kota Banda Aceh,243.29,88800.12
2020,Aceh,Kota Sabang,26.37,9624.82
2020,Aceh,Kota Langsa,95.17,34737.78
2020,Sumatera Utara,Kab. Langkat,412.08,150409.49
2020,Sumatera Utara,Kab. Deli Serdang,1097.85,400716.89
2020,Sumatera Utara,Kab. Asahan,624.85,228071.97
2020,Sumatera Utara,Kab. Dairi,113.72,41508.38
2020,Sumatera Utara,Kab. Humbang Hasundutan,57.06,20825.37
2020,Sumatera Utara,Kab. Samosir,88.69,32370.63
2020,Sumatera Utara,Kota Medan,1704.68,622206.89
2020,Sumatera Utara,Kota Sibolga,61.34,22388.44
2020,Sumatera Utara,Kota Tebing Tinggi,122.54,44726.04
2020,Sumatera Barat,Kab. Pesisir Selatan,153.52,56034.44
2020,Sumatera Barat,Kab. Sijunjung,95.86,34989.67
2020,Sumatera Barat,Kab. Tanah Datar,120.44,43959.16
2020,Sumatera Barat,Kab. Agam,197.85,72213.64
2020,Sumatera Barat,Kab. Lima Puluh Kota,154.89,56536.46
2020,Sumatera Barat,Kab. Dharmasraya,97.55,35605.56
2020,Sumatera Barat,Kab. Pasaman Barat,177.49,64783.41
2020,Sumatera Barat,Kota Padang,636.33,232259.72
2020,Sumatera Barat,Kota Solok,50.70,18505.87
2020,Sumatera Barat,Kota Sawahlunto,18.77,6852.82
2020,Sumatera Barat,Kota Padang Panjang,46.63,17019.51
2020,Sumatera Barat,Kota Bukittinggi,124.30,45368.41
2020,Sumatera Barat,Kota Payakumbuh,97.75,35679.04
2020,Riau,Kab. Kampar,351.88,128435.47
2020,Riau,Kab. Indragiri Hilir,299.93,109472.70
2020,Riau,Kab. Pelalawan,151.12,55158.80
2020,Riau,Kab. Siak,191.07,69739.82
2020,Riau,Kab. Kuantan Singingi,133.66,48784.73
2020,Riau,Kota Pekanbaru,1097.15,400461.54
2020,Riau,Kota Dumai,159.91,58368.43
2020,Jambi,Kab. Merangin,195.43,71332.50
2020,Jambi,Kab. Sarolangun,111.27,40612.09
2020,Jambi,Kab. Batanghari,122.60,44750.17
2020,Jambi,Kab. Muaro Jambi,81.62,29792.97
2020,Jambi,Kab. Tanjung Jabung Barat,166.97,60942.59
2020,Jambi,Kab. Bungo,152.36,55610.38
2020,Jambi,Kab. Tebo,135.07,49299.67
2020,Jambi,Kota Sungai Penuh,49.09,17916.39
2020,Sumatera Selatan,Kab. Ogan Komering Ulu,148.85,54329.96
2020,Sumatera Selatan,Kab. Muara Enim,406.43,148345.86
2020,Sumatera Selatan,Kab. Musi Rawas,284.34,103783.08
2020,Sumatera Selatan,Kab. Musi Banyuasin,259.16,94593.69
2020,Sumatera Selatan,Kab. Banyuasin,568.29,207426.14
2020,Sumatera Selatan,Kab. Ogan Komering Ulu Timur,482.95,176275.84
2020,Sumatera Selatan,Kab. Ogan Ilir,294.55,107510.06
2020,Sumatera Selatan,Kab. Empat Lawang,177.29,64711.00
2020,Sumatera Selatan,Kota Palembang,1168.19,426390.66
2020,Sumatera Selatan,Kota Prabumulih,94.46,34479.54
2020,Bengkulu,Kab. Lebong,43.09,15726.97
2020,Bengkulu,Kab. Kepahiang,56.16,20498.84
2020,Bengkulu,Kab. Bengkulu Tengah,58.12,21214.90
2020,Lampung,Kab. Lampung Barat,122.76,44805.94
2020,Lampung,Kab. Way Kanan,191.88,70036.49
2020,Lampung,Kab. Pesawaran,179.36,65467.86
2020,Lampung,Kota Bandar Lampung,757.94,276649.16
2020,Lampung,Kota Metro,103.16,37651.79
2020,Kepulauan Bangka Belitung,Kab. Bangka,128.62,46947.32
2020,Kepulauan Bangka Belitung,Kab. Belitung,70.99,25910.91
2020,Kepulauan Bangka Belitung,Kab. Bangka Tengah,79.89,29160.14
2020,Kepulauan Bangka Belitung,Kab. Bangka Barat,79.61,29058.53
2020,Kepulauan Bangka Belitung,Kab. Belitung Timur,50.47,18421.99
2020,Kepulauan Bangka Belitung,Kota Pangkal Pinang,151.83,55416.16
2020,Kepulauan Riau,Kab. Bintan,53.42,19499.65
2020,Kepulauan Riau,Kab. Karimun,177.20,64677.53
2020,Kepulauan Riau,Kab. Natuna,31.14,11366.74
2020,Kepulauan Riau,Kab. Lingga,27.83,10157.55
2020,Kepulauan Riau,Kab. Kepulauan Anambas,12.88,4702.70
2020,Kepulauan Riau,Kota Batam,837.48,305679.18
2020,Kepulauan Riau,Kota Tanjung Pinang,147.98,54013.05
2020,DKI Jakarta,Kab. Adm. Kep. Seribu,17.34,6329.24
2020,DKI Jakarta,Kota Adm. Jakarta Pusat,844.74,308331.29
2020,DKI Jakarta,Kota Adm. Jakarta Utara,1341.04,489481.03
2020,DKI Jakarta,Kota Adm. Jakarta Barat,1971.97,719768.00
2020,DKI Jakarta,Kota Adm. Jakarta Selatan,1921.00,701164.63
2020,DKI Jakarta,Kota Adm. Jakarta Timur,2273.25,829738.03
2020,Jawa Barat,Kab. Bandung,1321.35,482291.89
2020,Jawa Barat,Kab. Ciamis,575.13,209920.70
2020,Jawa Barat,Kab. Cirebon,1228.41,448368.18
2020,Jawa Barat,Kab. Sumedang,440.59,160816.27
2020,Jawa Barat,Kab. Bekasi,1900.24,693586.51
2020,Jawa Barat,Kab. Pangandaran,171.30,62523.33
2020,Jawa Barat,Kota Bogor,673.76,245922.33
2020,Jawa Barat,Kota Sukabumi,179.24,65424.09
2020,Jawa Barat,Kota Bandung,1539.82,562034.59
2020,Jawa Barat,Kota Depok,1295.49,472854.23
2020,Jawa Barat,Kota Cimahi,273.38,99782.38
2020,Jawa Barat,Kota Tasikmalaya,292.30,106688.51
2020,Jawa Barat,Kota Banjar,83.74,30566.85
2020,Jawa Tengah,Kab. Cilacap,939.78,343019.17
2020,Jawa Tengah,Kab. Purworejo,288.07,105146.86
2020,Jawa Tengah,Kab. Wonosobo,351.65,128352.10
2020,Jawa Tengah,Kab. Magelang,680.91,248530.33
2020,Jawa Tengah,Kab. Boyolali,287.93,105094.61
2020,Jawa Tengah,Kab. Sukoharjo,364.01,132863.50
2020,Jawa Tengah,Kab. Wonogiri,437.44,159663.85
2020,Jawa Tengah,Kab. Sragen,534.31,195023.44
2020,Jawa Tengah,Kab. Blora,371.42,135568.25
2020,Jawa Tengah,Kab. Rembang,238.10,86905.62
2020,Jawa Tengah,Kab. Pati,654.96,239060.58
2020,Jawa Tengah,Kab. Kudus,440.89,160924.12
2020,Jawa Tengah,Kab. Jepara,697.04,254418.30
2020,Jawa Tengah,Kab. Semarang,533.40,194690.09
2020,Jawa Tengah,Kab. Temanggung,496.28,181143.80
2020,Jawa Tengah,Kab. Kendal,407.40,148701.73
2020,Jawa Tengah,Kab. Batang,240.52,87788.12
2020,Jawa Tengah,Kab. Pemalang,391.70,142970.65
2020,Jawa Tengah,Kab. Tegal,1018.57,371778.31
2020,Jawa Tengah,Kab. Brebes,989.38,361123.52
2020,Jawa Tengah,Kota Magelang,89.61,32709.11
2020,Jawa Tengah,Kota Salatiga,114.03,41620.01
2020,Jawa Tengah,Kota Semarang,1276.74,466010.79
2020,D.I. Yogyakarta,Kab. Kulon Progo,174.56,63713.67
2020,D.I. Yogyakarta,Kab. Bantul,526.09,192021.91
2020,D.I. Yogyakarta,Kab. Gunungkidul,360.74,131671.16
2020,D.I. Yogyakarta,Kab. Sleman,701.95,256210.07
2020,D.I. Yogyakarta,Kota Yogyakarta,360.79,131689.26
2020,Jawa Timur,Kab. Pacitan,285.78,104308.04
2020,Jawa Timur,Kab. Ponorogo,349.13,127432.45
2020,Jawa Timur,Kab. Trenggalek,300.10,109536.65
2020,Jawa Timur,Kab. Blitar,422.57,154237.67
2020,Jawa Timur,Kab. Lumajang,501.46,183033.37
2020,Jawa Timur,Kab. Bondowoso,287.18,104819.19
2020,Jawa Timur,Kab. Situbondo,259.36,94665.76
2020,Jawa Timur,Kab. Probolinggo,458.45,167335.13
2020,Jawa Timur,Kab. Sidoarjo,1086.24,396476.90
2020,Jawa Timur,Kab. Jombang,527.22,192437.05
2020,Jawa Timur,Kab. Nganjuk,422.94,154373.54
2020,Jawa Timur,Kab. Magetan,279.30,101944.50
2020,Jawa Timur,Kab. Ngawi,366.52,133778.92
2020,Jawa Timur,Kab. Tuban,493.13,179991.08
2020,Jawa Timur,Kab. Gresik,327.80,119648.37
2020,Jawa Timur,Kab. Pamekasan,272.19,99350.12
2020,Jawa Timur,Kab. Sumenep,363.80,132788.73
2020,Jawa Timur,Kota Kediri,150.93,55091.09
2020,Jawa Timur,Kota Blitar,74.57,27219.69
2020,Jawa Timur,Kota Malang,677.78,247389.19
2020,Jawa Timur,Kota Probolinggo,95.75,34949.48
2020,Jawa Timur,Kota Pasuruan,132.59,48394.73
2020,Jawa Timur,Kota Mojokerto,65.18,23790.34
2020,Jawa Timur,Kota Madiun,118.17,43133.55
2020,Jawa Timur,Kota Surabaya,2222.62,811255.10
2020,Banten,Kab. Lebak,514.26,187706.21
2020,Banten,Kab. Serang,1135.84,414581.97
2020,Banten,Kota Cilegon,373.86,136458.00
2020,Banten,Kota Serang,521.75,190440.06
2020,Banten,Kota Tangerang Selatan,1070.56,390753.87
2020,Bali,Kab. Jembrana,164.70,60115.32
2020,Bali,Kab. Tabanan,230.82,84247.48
2020,Bali,Kab. Badung,281.24,102654.16
2020,Bali,Kab. Gianyar,438.86,160182.08
2020,Bali,Kab. Bangli,108.98,39777.41
2020,Bali,Kab. Karangasem,249.50,91067.50
2020,Bali,Kab. Buleleng,341.90,124791.86
2020,Bali,Kota Denpasar,663.26,242088.55
2020,Nusa Tenggara Barat,Kab. Lombok Timur,483.44,176454.72
2020,Nusa Tenggara Barat,Kab. Lombok Utara,73.33,26765.44
2020,Nusa Tenggara Timur,Kab. Sumba Tengah,25.64,9360.28
2020,Nusa Tenggara Timur,Kota Kupang,217.49,79382.39
2020,Kalimantan Barat,Kab. Sambas,274.47,100182.28
2020,Kalimantan Barat,Kab. Mempawah,71.91,26248.50
2020,Kalimantan Barat,Kab. Sanggau,238.73,87137.36
2020,Kalimantan Barat,Kab. Ketapang,258.91,94503.79
2020,Kalimantan Barat,Kab. Melawi,93.66,34184.59
2020,Kalimantan Barat,Kota Pontianak,385.82,140823.35
2020,Kalimantan Barat,Kota Singkawang,113.24,41331.69
2020,Kalimantan Tengah,Kab. Kotawaringin Barat,125.16,45685.01
2020,Kalimantan Tengah,Kab. Kotawaringin Timur,257.77,94086.47
2020,Kalimantan Tengah,Kab. Kapuas,207.81,75850.29
2020,Kalimantan Tengah,Kab. Barito Utara,52.29,19084.10
2020,Kalimantan Tengah,Kab. Katingan,45.42,16579.09
2020,Kalimantan Tengah,Kab. Sukamara,25.83,9426.64
2020,Kalimantan Tengah,Kab. Pulang Pisau,64.83,23662.95
2020,Kalimantan Tengah,Kab. Barito Timur,45.29,16531.43
2020,Kalimantan Tengah,Kota Palangkaraya,144.03,52570.77
2020,Kalimantan Selatan,Kab. Barito Kuala,93.10,33981.46
2020,Kalimantan Selatan,Kab. Tapin,76.81,28035.94
2020,Kalimantan Selatan,Kab. Hulu Sungai Selatan,94.18,34374.09
2020,Kalimantan Selatan,Kab. Hulu Sungai Tengah,109.15,39840.63
2020,Kalimantan Selatan,Kab. Hulu Sungai Utara,96.66,35280.75
2020,Kalimantan Selatan,Kab. Tabalong,98.97,36123.17
2020,Kalimantan Selatan,Kab. Balangan,56.80,20733.57
2020,Kalimantan Selatan,Kota Banjarmasin,496.00,181041.17
2020,Kalimantan Selatan,Kota Banjarbaru,147.12,53699.76
2020,Kalimantan Timur,Kab. Paser,108.57,39628.93
2020,Kalimantan Timur,Kab. Kutai Kartanegara,211.55,77215.90
2020,Kalimantan Timur,Kab. Penajam Paser Utara,109.29,39889.94
2020,Kalimantan Timur,Kota Balikpapan,481.82,175865.25
2020,Kalimantan Timur,Kota Samarinda,620.76,226578.93
2020,Kalimantan Timur,Kota Bontang,103.48,37769.85
2020,Kalimantan Utara,Kab. Nunukan,46.01,16794.78
2020,Kalimantan Utara,Kota Tarakan,175.13,63924.05
2020,Sulawesi Utara,Kab. Minahasa,171.78,62700.43
2020,Sulawesi Utara,Kab. Kepulauan Sangihe,69.63,25415.32
2020,Sulawesi Utara,Kab. Minahasa Selatan,94.59,34523.60
2020,Sulawesi Utara,Kab. Minahasa Utara,103.85,37904.52
2020,Sulawesi Utara,Kab. Minahasa Tenggara,44.61,16282.65
2020,Sulawesi Utara,Kab. Kep. Siau Tagulandang Biaro,35.91,13106.60
2020,Sulawesi Utara,Kab. Bolaang Mongondow Selatan,34.90,12736.86
2020,Sulawesi Utara,Kota Bitung,135.08,49304.35
2020,Sulawesi Utara,Kota Tomohon,70.41,25699.98
2020,Sulawesi Utara,Kota Kotamobagu,86.45,31553.74
2020,Sulawesi Tengah,Kab. Banggai,188.19,68687.53
2020,Sulawesi Tengah,Kab. Donggala,121.64,44400.06
2020,Sulawesi Tengah,Kab. Parigi Moutong,220.01,80302.74
2020,Sulawesi Tengah,Kota Palu,198.08,72298.84
2020,Sulawesi Selatan,Kab. Kepulauan Selayar,68.54,25015.46
2020,Sulawesi Selatan,Kab. Bulukumba,171.97,62768.76
2020,Sulawesi Selatan,Kab. Bantaeng,80.45,29362.79
2020,Sulawesi Selatan,Kab. Bone,382.78,139714.88
2020,Sulawesi Selatan,Kab. Maros,155.02,56583.91
2020,Sulawesi Selatan,Kab. Pangkajene Kepulauan,141.48,51641.66
2020,Sulawesi Selatan,Kab. Soppeng,95.76,34951.09
2020,Sulawesi Selatan,Kab. Wajo,159.13,58080.84
2020,Sulawesi Selatan,Kab. Sidenreng Rappang,132.41,48328.34
2020,Sulawesi Selatan,Kab. Enrekang,113.39,41386.62
2020,Sulawesi Selatan,Kab. Luwu,148.46,54189.65
2020,Sulawesi Selatan,Kab. Luwu Utara,131.83,48119.56
2020,Sulawesi Selatan,Kab. Luwu Timur,119.87,43752.26
2020,Sulawesi Selatan,Kota Makassar,996.71,363800.57
2020,Sulawesi Selatan,Kota Parepare,74.76,27286.67
2020,Sulawesi Selatan,Kota Palopo,106.37,38823.96
2020,Sulawesi Tenggara,Kab. Kolaka,157.18,57370.12
2020,Sulawesi Tenggara,Kab. Buton,40.70,14856.67
2020,Sulawesi Tenggara,Kab. Kolaka Utara,60.52,22088.34
2020,Gorontalo,Kab. Gorontalo,146.59,53506.23
2020,Gorontalo,Kab. Pohuwato,58.99,21532.96
2020,Sulawesi Barat,Kab. Pasangkayu,71.40,26062.17
2020,Sulawesi Barat,Kab. Mamuju,132.00,48178.80
2020,Sulawesi Barat,Kab. Polewali Mandar,179.15,65391.50
2020,Maluku,Kab. Buru Selatan,30.79,11238.06
2020,Maluku,Kota Ambon,270.56,98753.56
2020,Maluku Utara,Kab. Halmahera Utara,138.35,50496.51
2020,Maluku Utara,Kab. Pulau Morotai,29.77,10867.66
2020,Maluku Utara,Kota Tidore Kepulauan,45.90,16753.21
2020,Papua,Kab. Biak Numfor,58.38,21308.99
2020,Papua,Kab. Keerom,25.49,9305.16
2020,Papua,Kota Jayapura,253.27,92442.31
2020,Papua Barat,Kab. Manokwari,156.67,57182.95
2020,Papua Selatan,Kab. Asmat,44.04,16075.33
2020,Papua Barat Daya,Kab. Sorong Selatan,21.72,7929.55
2020,Papua Barat Daya,Kab. Raja Ampat,33.13,12090.99
2019,Aceh,Kab. Aceh Selatan,95.93,35013.28
2019,Aceh,Kab. Aceh Tengah,100.97,36853.74
2019,Aceh,Kab. Simeulue,43.96,16044.14
2019,Aceh,Kab. Gayo Lues,37.64,13738.60
2019,Aceh,Kab. Bener Meriah,64.89,23683.10
2019,Aceh,Kota Banda Aceh,238.60,87088.96
2019,Aceh,Kota Sabang,21.61,7886.51
2019,Aceh,Kota Langsa,94.58,34522.61
2019,Sumatera Utara,Kab. Langkat,416.71,152099.15
2019,Sumatera Utara,Kab. Deli Serdang,1077.81,393401.56
2019,Sumatera Utara,Kab. Asahan,620.48,226473.72
2019,Sumatera Utara,Kab. Dairi,113.28,41347.64
2019,Sumatera Utara,Kab. Humbang Hasundutan,56.54,20638.56
2019,Sumatera Utara,Kab. Samosir,82.02,29938.10
2019,Sumatera Utara,Kota Medan,1704.02,621968.76
2019,Sumatera Utara,Kota Pematang Siantar,229.79,83871.96
2019,Sumatera Utara,Kota Tebing Tinggi,121.18,44229.35
2019,Sumatera Barat,Kab. Pesisir Selatan,138.21,50448.40
2019,Sumatera Barat,Kab. Sijunjung,94.34,34435.06
2019,Sumatera Barat,Kab. Tanah Datar,120.14,43849.48
2019,Sumatera Barat,Kab. Agam,196.51,71727.17
2019,Sumatera Barat,Kab. Pasaman,86.56,31594.98
2019,Sumatera Barat,Kab. Dharmasraya,96.33,35161.11
2019,Sumatera Barat,Kota Padang,640.48,233774.32
2019,Sumatera Barat,Kota Solok,49.71,18143.06
2019,Sumatera Barat,Kota Sawahlunto,18.51,6756.54
2019,Sumatera Barat,Kota Padang Panjang,46.21,16867.96
2019,Sumatera Barat,Kota Bukittinggi,113.43,41402.80
2019,Sumatera Barat,Kota Payakumbuh,97.38,35543.88
2019,Riau,Kab. Kampar,344.98,125917.12
2019,Riau,Kab. Pelalawan,148.14,54072.27
2019,Riau,Kab. Rokan Hilir,500.79,182786.74
2019,Riau,Kab. Siak,186.17,67950.44
2019,Riau,Kota Pekanbaru,1036.51,378324.91
2019,Jambi,Kab. Merangin,192.16,70140.04
2019,Jambi,Kab. Sarolangun,120.76,44078.57
2019,Jambi,Kab. Batanghari,120.85,44110.54
2019,Jambi,Kab. Muaro Jambi,80.02,29208.76
2019,Jambi,Kab. Bungo,149.37,54519.90
2019,Jambi,Kota Jambi,423.45,154557.83
2019,Jambi,Kota Sungai Penuh,50.47,18420.46
2019,Sumatera Selatan,Kab. Ogan Komering Ulu,146.76,53565.79
2019,Sumatera Selatan,Kab. Muara Enim,440.06,160622.89
2019,Sumatera Selatan,Kab. Lahat,303.35,110721.95
2019,Sumatera Selatan,Kab. Musi Rawas,283.62,103522.21
2019,Sumatera Selatan,Kab. Musi Banyuasin,255.45,93239.98
2019,Sumatera Selatan,Kab. Empat Lawang,175.15,63928.40
2019,Sumatera Selatan,Kota Palembang,1164.03,424869.16
2019,Sumatera Selatan,Kota Prabumulih,93.42,34097.21
2019,Bengkulu,Kab. Bengkulu Selatan,63.36,23127.71
2019,Bengkulu,Kab. Bengkulu Utara,179.20,65408.29
2019,Bengkulu,Kab. Lebong,42.92,15665.22
2019,Bengkulu,Kab. Kepahiang,54.98,20068.87
2019,Bengkulu,Kab. Bengkulu Tengah,57.25,20897.71
2019,Lampung,Kab. Lampung Barat,121.28,44266.32
2019,Lampung,Kab. Way Kanan,180.55,65902.21
2019,Lampung,Kab. Pringsewu,158.89,57993.97
2019,Lampung,Kota Bandar Lampung,683.48,249468.38
2019,Lampung,Kota Metro,102.51,37416.59
2019,Kepulauan Bangka Belitung,Kab. Bangka,127.50,46538.38
2019,Kepulauan Bangka Belitung,Kab. Bangka Selatan,85.69,31275.97
2019,Kepulauan Bangka Belitung,Kab. Bangka Tengah,78.64,28704.62
2019,Kepulauan Bangka Belitung,Kota Pangkal Pinang,145.15,52978.44
2019,Kepulauan Riau,Kab. Bintan,51.30,18724.68
2019,Kepulauan Riau,Kab. Karimun,175.36,64005.56
2019,Kepulauan Riau,Kab. Natuna,30.40,11096.86
2019,Kepulauan Riau,Kab. Lingga,27.28,9958.48
2019,Kepulauan Riau,Kab. Kepulauan Anambas,12.73,4645.98
2019,Kepulauan Riau,Kota Batam,1332.39,486321.91
2019,Kepulauan Riau,Kota Tanjung Pinang,143.53,52387.65
2019,DKI Jakarta,Kab. Adm. Kep. Seribu,17.01,6210.12
2019,DKI Jakarta,Kota Adm. Jakarta Utara,1327.56,484561.02
2019,DKI Jakarta,Kota Adm. Jakarta Selatan,1904.63,695190.04
2019,DKI Jakarta,Kota Adm. Jakarta Timur,2253.66,822585.19
2019,Jawa Barat,Kab. Sukabumi,1020.58,372510.24
2019,Jawa Barat,Kab. Ciamis,567.32,207071.95
2019,Jawa Barat,Kab. Sumedang,437.91,159837.88
2019,Jawa Barat,Kab. Subang,1039.15,379288.79
2019,Jawa Barat,Kab. Bekasi,1814.94,662451.28
2019,Jawa Barat,Kab. Pangandaran,169.91,62018.76
2019,Jawa Barat,Kota Bogor,658.10,240205.33
2019,Jawa Barat,Kota Sukabumi,177.96,64956.11
2019,Jawa Barat,Kota Depok,1516.30,553449.64
2019,Jawa Barat,Kota Cimahi,271.34,99039.08
2019,Jawa Barat,Kota Tasikmalaya,291.95,106560.83
2019,Jawa Tengah,Kab. Cilacap,912.95,333228.30
2019,Jawa Tengah,Kab. Kebumen,406.54,148386.62
2019,Jawa Tengah,Kab. Purworejo,287.33,104874.14
2019,Jawa Tengah,Kab. Wonosobo,316.20,115411.69
2019,Jawa Tengah,Kab. Boyolali,265.90,97052.73
2019,Jawa Tengah,Kab. Klaten,352.50,128660.97
2019,Jawa Tengah,Kab. Sukoharjo,365.85,133536.71
2019,Jawa Tengah,Kab. Wonogiri,436.60,159359.58
2019,Jawa Tengah,Kab. Sragen,532.73,194447.69
2019,Jawa Tengah,Kab. Grobogan,739.14,269785.74
2019,Jawa Tengah,Kab. Rembang,228.89,83544.12
2019,Jawa Tengah,Kab. Pati,501.32,182981.65
2019,Jawa Tengah,Kab. Kudus,435.84,159083.24
2019,Jawa Tengah,Kab. Jepara,687.87,251072.20
2019,Jawa Tengah,Kab. Semarang,526.90,192320.00
2019,Jawa Tengah,Kab. Kendal,404.78,147743.09
2019,Jawa Tengah,Kab. Batang,230.57,84159.84
2019,Jawa Tengah,Kab. Pemalang,390.84,142657.91
2019,Jawa Tengah,Kab. Brebes,904.55,330160.02
2019,Jawa Tengah,Kota Magelang,85.39,31168.96
2019,Jawa Tengah,Kota Semarang,1251.71,456873.35
2019,D.I. Yogyakarta,Kab. Kulon Progo,169.24,61774.21
2019,D.I. Yogyakarta,Kab. Bantul,555.92,202910.55
2019,D.I. Yogyakarta,Kab. Gunungkidul,360.74,131671.16
2019,D.I. Yogyakarta,Kab. Sleman,699.12,255180.17
2019,D.I. Yogyakarta,Kota Yogyakarta,361.96,132116.36
2019,Jawa Timur,Kab. Pacitan,284.83,103962.36
2019,Jawa Timur,Kab. Trenggalek,307.01,112059.38
2019,Jawa Timur,Kab. Tulungagung,519.51,189621.88
2019,Jawa Timur,Kab. Blitar,415.61,151697.14
2019,Jawa Timur,Kab. Kediri,505.94,184669.09
2019,Jawa Timur,Kab. Malang,1042.48,380505.78
2019,Jawa Timur,Kab. Lumajang,500.35,182629.01
2019,Jawa Timur,Kab. Banyuwangi,1221.97,446019.96
2019,Jawa Timur,Kab. Bondowoso,285.75,104298.71
2019,Jawa Timur,Kab. Situbondo,256.12,93482.61
2019,Jawa Timur,Kab. Probolinggo,466.12,170133.51
2019,Jawa Timur,Kab. Pasuruan,1152.06,420500.88
2019,Jawa Timur,Kab. Sidoarjo,1223.93,446733.65
2019,Jawa Timur,Kab. Nganjuk,421.84,153973.21
2019,Jawa Timur,Kab. Madiun,273.07,99671.28
2019,Jawa Timur,Kab. Ngawi,365.42,133378.74
2019,Jawa Timur,Kab. Bojonegoro,508.74,185688.35
2019,Jawa Timur,Kab. Tuban,490.92,179184.71
2019,Jawa Timur,Kab. Gresik,324.55,118459.29
2019,Jawa Timur,Kab. Sampang,228.63,83449.95
2019,Jawa Timur,Kab. Pamekasan,269.33,98305.05
2019,Jawa Timur,Kab. Sumenep,360.20,131473.99
2019,Jawa Timur,Kota Kediri,147.48,53828.38
2019,Jawa Timur,Kota Blitar,70.94,25892.37
2019,Jawa Timur,Kota Malang,670.47,244720.24
2019,Jawa Timur,Kota Probolinggo,94.08,34340.81
2019,Jawa Timur,Kota Pasuruan,131.28,47915.72
2019,Jawa Timur,Kota Mojokerto,64.73,23627.73
2019,Jawa Timur,Kota Madiun,116.77,42622.24
2019,Jawa Timur,Kota Surabaya,2224.27,811860.24
2019,Jawa Timur,Kota Batu,116.32,42457.19
2019,Banten,Kab. Pandeglang,487.74,178026.41
2019,Banten,Kab. Lebak,510.97,186504.05
2019,Banten,Kab. Tangerang,2660.55,971101.08
2019,Banten,Kota Tangerang,1583.67,578038.09
2019,Banten,Kota Cilegon,370.44,135211.00
2019,Banten,Kota Tangerang Selatan,1031.26,376411.56
2019,Bali,Kab. Jembrana,163.72,59757.44
2019,Bali,Kab. Badung,283.42,103447.64
2019,Bali,Kab. Gianyar,435.37,158910.05
2019,Bali,Kab. Bangli,108.03,39430.37
2019,Bali,Kab. Karangasem,208.30,76029.50
2019,Bali,Kab. Buleleng,335.17,122337.78
2019,Bali,Kota Denpasar,651.53,237808.16
2019,Nusa Tenggara Barat,Kab. Lombok Timur,480.24,175289.35
2019,Nusa Tenggara Barat,Kab. Lombok Utara,72.12,26322.30
2019,Kalimantan Barat,Kab. Sambas,271.60,99133.09
2019,Kalimantan Barat,Kab. Mempawah,70.27,25650.20
2019,Kalimantan Barat,Kab. Sanggau,235.11,85815.88
2019,Kalimantan Barat,Kab. Ketapang,254.86,93023.35
2019,Kalimantan Barat,Kab. Kapuas Hulu,131.60,48035.28
2019,Kalimantan Barat,Kab. Bengkayang,101.84,37172.18
2019,Kalimantan Barat,Kota Pontianak,380.57,138907.10
2019,Kalimantan Tengah,Kab. Kotawaringin Barat,121.63,44395.97
2019,Kalimantan Tengah,Kab. Kotawaringin Timur,251.98,91971.20
2019,Kalimantan Tengah,Kab. Kapuas,178.19,65039.72
2019,Kalimantan Tengah,Kab. Barito Utara,52.29,19084.10
2019,Kalimantan Tengah,Kab. Katingan,44.19,16128.90
2019,Kalimantan Tengah,Kab. Sukamara,25.74,9393.93
2019,Kalimantan Tengah,Kab. Pulang Pisau,63.56,23199.04
2019,Kalimantan Tengah,Kab. Barito Timur,50.75,18523.60
2019,Kalimantan Tengah,Kota Palangkaraya,140.24,51188.70
2019,Kalimantan Selatan,Kab. Tanah Laut,133.77,48827.22
2019,Kalimantan Selatan,Kab. Kotabaru,137.88,50327.66
2019,Kalimantan Selatan,Kab. Barito Kuala,91.27,33315.16
2019,Kalimantan Selatan,Kab. Tapin,75.30,27486.25
2019,Kalimantan Selatan,Kab. Hulu Sungai Selatan,93.06,33966.61
2019,Kalimantan Selatan,Kab. Hulu Sungai Tengah,107.87,39372.11
2019,Kalimantan Selatan,Kab. Hulu Sungai Utara,95.32,34793.55
2019,Kalimantan Selatan,Kab. Tanah Bumbu,180.08,65730.48
2019,Kalimantan Selatan,Kab. Balangan,52.74,19248.64
2019,Kalimantan Selatan,Kota Banjarmasin,496.02,181048.83
2019,Kalimantan Selatan,Kota Banjarbaru,165.51,60412.23
2019,Kalimantan Timur,Kab. Paser,114.61,41831.34
2019,Kalimantan Timur,Kab. Kutai Kartanegara,207.83,75858.97
2019,Kalimantan Timur,Kab. Berau,161.76,59040.68
2019,Kalimantan Timur,Kab. Kutai Timur,211.93,77355.18
2019,Kalimantan Timur,Kab. Penajam Paser Utara,107.91,39386.69
2019,Kalimantan Timur,Kota Balikpapan,458.62,167397.98
2019,Kalimantan Timur,Kota Samarinda,610.94,222992.22
2019,Kalimantan Timur,Kota Bontang,101.71,37122.72
2019,Kalimantan Utara,Kab. Nunukan,44.14,16110.07
2019,Kalimantan Utara,Kota Tarakan,154.30,56319.12
2019,Sulawesi Utara,Kab. Minahasa,171.06,62435.08
2019,Sulawesi Utara,Kab. Kepulauan Sangihe,52.45,19145.86
2019,Sulawesi Utara,Kab. Kepulauan Talaud,64.74,23631.71
2019,Sulawesi Utara,Kab. Minahasa Selatan,95.38,34814.43
2019,Sulawesi Utara,Kab. Minahasa Utara,101.81,37161.38
2019,Sulawesi Utara,Kab. Minahasa Tenggara,43.86,16010.51
2019,Sulawesi Utara,Kab. Kep. Siau Tagulandang Biaro,37.79,13794.08
2019,Sulawesi Utara,Kab. Bolaang Mongondow Selatan,33.04,12057.96
2019,Sulawesi Utara,Kota Bitung,153.30,55955.52
2019,Sulawesi Utara,Kota Tomohon,74.84,27317.29
2019,Sulawesi Utara,Kota Kotamobagu,61.83,22566.67
2019,Sulawesi Tengah,Kab. Banggai,185.48,67699.11
2019,Sulawesi Tengah,Kab. Poso,100.37,36633.30
2019,Sulawesi Tengah,Kab. Donggala,120.64,44032.29
2019,Sulawesi Tengah,Kab. Parigi Moutong,215.61,78696.74
2019,Sulawesi Selatan,Kab. Kepulauan Selayar,67.81,24751.38
2019,Sulawesi Selatan,Kab. Bulukumba,168.60,61538.12
2019,Sulawesi Selatan,Kab. Bantaeng,74.64,27245.35
2019,Sulawesi Selatan,Kab. Sinjai,106.37,38825.34
2019,Sulawesi Selatan,Kab. Bone,376.20,137311.91
2019,Sulawesi Selatan,Kab. Maros,141.25,51555.67
2019,Sulawesi Selatan,Kab. Pangkajene Kepulauan,140.08,51130.37
2019,Sulawesi Selatan,Kab. Barru,72.95,26626.46
2019,Sulawesi Selatan,Kab. Wajo,158.72,57934.26
2019,Sulawesi Selatan,Kab. Sidenreng Rappang,120.79,44087.91
2019,Sulawesi Selatan,Kab. Enrekang,117.40,42850.45
2019,Sulawesi Selatan,Kab. Luwu Utara,131.20,47887.12
2019,Sulawesi Selatan,Kab. Luwu Timur,117.53,42898.01
2019,Sulawesi Selatan,Kota Parepare,73.29,26751.58
2019,Sulawesi Selatan,Kota Palopo,103.77,37876.96
2019,Sulawesi Tenggara,Kab. Kolaka,154.10,56245.11
2019,Sulawesi Tenggara,Kab. Buton,40.46,14768.05
2019,Sulawesi Tenggara,Kab. Bombana,56.02,20446.57
2019,Gorontalo,Kab. Gorontalo,146.56,53495.57
2019,Gorontalo,Kab. Pohuwato,58.19,21238.47
2019,Gorontalo,Kota Gorontalo,139.84,51040.47
2019,Sulawesi Barat,Kab. Pasangkayu,69.59,25399.33
2019,Sulawesi Barat,Kab. Polewali Mandar,177.03,64616.10
2019,Maluku,Kab. Maluku Tenggara,49.80,18175.36
2019,Maluku,Kab. Buru Selatan,30.63,11179.95
2019,Maluku,Kota Ambon,268.89,98145.73
2019,Maluku Utara,Kab. Halmahera Utara,137.44,50166.15
2019,Maluku Utara,Kota Ternate,72.29,26384.69
2019,Maluku Utara,Kota Tidore Kepulauan,45.39,16568.81
2019,Papua,Kab. Biak Numfor,58.17,21232.05
2019,Papua,Kota Jayapura,252.63,92211.70
2019,Papua Selatan,Kab. Asmat,39.00,14233.54
2019,Papua Barat Daya,Kab. Raja Ampat,33.13,12090.99
2018,Papua Barat,Kab. Manokwari,150.22,54830.04
